{"cameraMode":{"drawMode":0,"name":"Shaded","section":"Shading Mode"},"sceneLighting":false,"audioPlay":false,"sceneViewState":{"showFog":true,"showMaterialUpdate":false,"showSkybox":false,"showFlares":true,"showImageEffects":true,"showParticleSystems":true},"in2DMode":false,"pivot":{"x":14.865927696228028,"y":0.7713558673858643,"z":0.21854066848754884},"rotation":{"x":-0.18225280940532685,"y":-0.018585383892059327,"z":0.003444619243964553,"w":-0.9830743670463562},"size":3.0360007286071779,"orthographic":false}